"id","run_id","model","hyperparam_text","created_at"
"3","0","sgd","{'model__tol': 0.0001, 'model__shuffle': True, 'model__penalty': 'l1', 'model__max_iter': 500, 'model__loss': 'modified_huber', 'model__learning_rate': 'invscaling', 'model__l1_ratio': 0.9, 'model__eta0': 0.003, 'model__class_weight': None, 'model__average': 10, 'model__alpha': 0.001}","2025-10-24 20:42:03.389687"
"4","0","svc","{'model__tol': 0.0001, 'model__shuffle': True, 'model__penalty': 'l1', 'model__max_iter': 500, 'model__loss': 'modified_huber', 'model__learning_rate': 'invscaling', 'model__l1_ratio': 0.9, 'model__eta0': 0.003, 'model__class_weight': None, 'model__average': 10, 'model__alpha': 0.001}","2025-10-24 20:45:24.316682"
"7","0","rf","{'model__oob_score': True, 'model__n_estimators': 200, 'model__min_samples_split': 10, 'model__min_samples_leaf': 4, 'model__max_features': 'sqrt', 'model__max_depth': 10, 'model__class_weight': 'balanced', 'model__bootstrap': True}","2025-10-24 20:48:17.289981"
"8","0","xgb","{'model__colsample_bytree': np.float64(0.7044775885427466), 'model__gamma': np.float64(3.859409902991225), 'model__learning_rate': np.float64(0.01353889097223291), 'model__max_depth': 4, 'model__min_child_weight': 3, 'model__n_estimators': 993, 'model__reg_alpha': np.float64(5.788864875854208e-07), 'model__reg_lambda': np.float64(0.10891507139853285), 'model__scale_pos_weight': np.float64(3.211333143874166), 'model__subsample': np.float64(0.9542252806668141)}","2025-10-24 21:06:32.462968"
"9","1","rf","{'model__oob_score': False, 'model__n_estimators': 100, 'model__min_samples_split': 20, 'model__min_samples_leaf': 4, 'model__max_features': 0.2, 'model__max_depth': 10, 'model__class_weight': 'balanced', 'model__bootstrap': True}","2025-10-27 23:23:21.46586"
"10","1","sgd","{'model__tol': 0.0001, 'model__shuffle': True, 'model__penalty': 'l1', 'model__max_iter': 500, 'model__loss': 'modified_huber', 'model__learning_rate': 'invscaling', 'model__l1_ratio': 0.9, 'model__eta0': 0.003, 'model__class_weight': None, 'model__average': 10, 'model__alpha': 0.001}","2025-10-27 23:24:31.552992"
"11","1","svc","{'model__C': np.float64(0.6317967091932509), 'model__class_weight': 'balanced', 'model__gamma': 0.001, 'model__kernel': 'rbf', 'model__shrinking': False}","2025-10-27 23:35:38.744516"
"12","1","xgb","{'model__colsample_bytree': np.float64(0.702254063561095), 'model__gamma': np.float64(4.438850493804799), 'model__learning_rate': np.float64(0.2567692501425787), 'model__max_depth': 2, 'model__min_child_weight': 8, 'model__n_estimators': 303, 'model__reg_alpha': np.float64(0.0001757937447736795), 'model__reg_lambda': np.float64(0.010655924993232578), 'model__scale_pos_weight': np.float64(2.4812758281839526), 'model__subsample': np.float64(0.8317508845540279)}","2025-10-27 23:41:09.259969"
"13","2","xgb","{'model__colsample_bytree': np.float64(0.6872700594236812), 'model__gamma': np.float64(4.75357153204958), 'model__learning_rate': np.float64(0.22227824312530747), 'model__max_depth': 6, 'model__min_child_weight': 5, 'model__n_estimators': 321, 'model__reg_alpha': np.float64(1.23583827723069e-07), 'model__reg_lambda': np.float64(0.014936568554617643), 'model__scale_pos_weight': np.float64(29.0861476250946), 'model__subsample': np.float64(0.8005575058716043)}","2025-10-28 01:38:57.958113"
"14","2","svc","{'model__C': np.float64(4.418441521199722), 'model__class_weight': 'balanced', 'model__gamma': 0.001, 'model__kernel': 'rbf', 'model__shrinking': False}","2025-10-28 01:45:39.561745"
"15","2","sgd","{'model__tol': 0.001, 'model__shuffle': True, 'model__penalty': 'l2', 'model__max_iter': 100, 'model__loss': 'hinge', 'model__learning_rate': 'invscaling', 'model__l1_ratio': 0.1, 'model__eta0': 0.1, 'model__class_weight': None, 'model__average': 5, 'model__alpha': 0.0001}","2025-10-28 01:48:00.11478"
"16","3","sgd","{'model__tol': 0.0001, 'model__shuffle': True, 'model__penalty': 'l1', 'model__max_iter': 100, 'model__loss': 'hinge', 'model__learning_rate': 'invscaling', 'model__l1_ratio': 0.5, 'model__eta0': 0.01, 'model__class_weight': None, 'model__average': True, 'model__alpha': 1e-06}","2025-10-28 15:45:12.265498"
"17","3","svc","{'model__C': np.float64(0.6317967091932509), 'model__gamma': 0.001}","2025-10-28 15:56:27.776151"
"18","3","xgb","{'model__colsample_bytree': np.float64(0.6521211214797689), 'model__gamma': np.float64(2.6237821581611893), 'model__learning_rate': np.float64(0.05319450186421158), 'model__max_depth': 4, 'model__min_child_weight': 3, 'model__n_estimators': 2082, 'model__reg_alpha': np.float64(6.295450333384239e-06), 'model__reg_lambda': np.float64(0.013803746963532811), 'model__scale_pos_weight': 8.9494, 'model__subsample': np.float64(0.9868777594207296)}","2025-10-28 02:55:44.135945"
"25","4","sgd","{'model__tol': 0.001, 'model__shuffle': True, 'model__penalty': 'l2', 'model__max_iter': 100, 'model__loss': 'hinge', 'model__learning_rate': 'adaptive', 'model__l1_ratio': 0.5, 'model__eta0': 0.0003, 'model__class_weight': None, 'model__average': True, 'model__alpha': 0.0001}","2025-10-28 16:02:21.982061"
"26","4","svc","{'model__C': np.float64(0.6317967091932509), 'model__gamma': 0.001}","2025-10-28 16:13:06.97561"
"27","4","xgb","{'model__colsample_bytree': np.float64(0.587477463547968), 'model__gamma': np.float64(4.910841716647178), 'model__learning_rate': np.float64(0.06166358912710143), 'model__max_depth': 4, 'model__min_child_weight': 2, 'model__n_estimators': 1896, 'model__reg_alpha': np.float64(4.4845552058286884e-08), 'model__reg_lambda': np.float64(4.916400722913763), 'model__scale_pos_weight': 8.9494, 'model__subsample': np.float64(0.9502090285816652)}","2025-10-28 16:22:22.329928"
"28","5","rf","{'model__oob_score': True, 'model__n_estimators': 200, 'model__min_samples_split': 15, 'model__min_samples_leaf': 6, 'model__max_features': 'log2', 'model__max_depth': 10, 'model__class_weight': None, 'model__bootstrap': True}","2025-10-28 17:05:06.916115"
"29","5","sgd","{'model__tol': 0.0001, 'model__shuffle': True, 'model__penalty': 'l1', 'model__max_iter': 500, 'model__loss': 'modified_huber', 'model__learning_rate': 'invscaling', 'model__l1_ratio': 0.9, 'model__eta0': 0.003, 'model__class_weight': None, 'model__average': 10, 'model__alpha': 0.001}","2025-10-28 17:06:17.610798"
"30","5","svc","{'model__C': np.float64(0.1767016940294795), 'model__gamma': 0.001}","2025-10-28 17:17:43.473325"
"31","5","xgb","{'model__colsample_bytree': np.float64(0.6521211214797689), 'model__gamma': np.float64(2.6237821581611893), 'model__learning_rate': np.float64(0.05319450186421158), 'model__max_depth': 4, 'model__min_child_weight': 3, 'model__n_estimators': 2082, 'model__reg_alpha': np.float64(6.295450333384239e-06), 'model__reg_lambda': np.float64(0.013803746963532811), 'model__scale_pos_weight': 8.9494, 'model__subsample': np.float64(0.9868777594207296)}","2025-10-28 17:19:48.215815"
"32","6","rf","{'model__oob_score': False, 'model__n_estimators': 100, 'model__min_samples_split': 15, 'model__min_samples_leaf': 1, 'model__max_features': 'log2', 'model__max_depth': 10, 'model__class_weight': None, 'model__bootstrap': True}","2025-10-28 17:27:46.656112"
"33","6","sgd","{'model__tol': 0.0001, 'model__shuffle': True, 'model__penalty': 'l1', 'model__max_iter': 500, 'model__loss': 'modified_huber', 'model__learning_rate': 'invscaling', 'model__l1_ratio': 0.9, 'model__eta0': 0.003, 'model__class_weight': None, 'model__average': 10, 'model__alpha': 0.001}","2025-10-28 17:28:59.174565"
"34","6","svc","{'model__C': np.float64(0.1767016940294795), 'model__gamma': 0.001}","2025-10-28 17:41:20.861414"
"35","6","xgb","{'model__colsample_bytree': np.float64(0.587477463547968), 'model__gamma': np.float64(4.910841716647178), 'model__learning_rate': np.float64(0.06166358912710143), 'model__max_depth': 4, 'model__min_child_weight': 2, 'model__n_estimators': 1896, 'model__reg_alpha': np.float64(4.4845552058286884e-08), 'model__reg_lambda': np.float64(4.916400722913763), 'model__scale_pos_weight': 8.9494, 'model__subsample': np.float64(0.9502090285816652)}","2025-10-28 17:49:49.264026"
"36","8","rf","{'model__oob_score': False, 'model__n_estimators': 100, 'model__min_samples_split': 15, 'model__min_samples_leaf': 1, 'model__max_features': 'log2', 'model__max_depth': 10, 'model__class_weight': None, 'model__bootstrap': True}","2025-10-28 19:16:58.557962"
"37","8","sgd","{'model__tol': 0.0001, 'model__shuffle': True, 'model__penalty': 'l1', 'model__max_iter': 500, 'model__loss': 'modified_huber', 'model__learning_rate': 'invscaling', 'model__l1_ratio': 0.9, 'model__eta0': 0.003, 'model__class_weight': None, 'model__average': 10, 'model__alpha': 0.001}","2025-10-28 20:21:02.180916"
"38","8","svc","{'model__C': np.float64(0.6317967091932509), 'model__gamma': 0.001}","2025-10-28 20:34:10.545539"
"39","8","xgb","{'model__colsample_bytree': np.float64(0.587477463547968), 'model__gamma': np.float64(4.910841716647178), 'model__learning_rate': np.float64(0.06166358912710143), 'model__max_depth': 4, 'model__min_child_weight': 2, 'model__n_estimators': 1896, 'model__reg_alpha': np.float64(4.4845552058286884e-08), 'model__reg_lambda': np.float64(4.916400722913763), 'model__scale_pos_weight': 8.9494, 'model__subsample': np.float64(0.9502090285816652)}","2025-10-28 19:38:36.695085"
"42","9","rf","{'model__oob_score': True, 'model__n_estimators': 200, 'model__min_samples_split': 15, 'model__min_samples_leaf': 6, 'model__max_features': 'log2', 'model__max_depth': 10, 'model__class_weight': None, 'model__bootstrap': True}","2025-10-28 22:41:03.348046"
"43","9","sgd","{'model__tol': 0.0001, 'model__shuffle': True, 'model__penalty': 'l1', 'model__max_iter': 500, 'model__loss': 'modified_huber', 'model__learning_rate': 'invscaling', 'model__l1_ratio': 0.9, 'model__eta0': 0.003, 'model__class_weight': None, 'model__average': 10, 'model__alpha': 0.001}","2025-10-28 22:42:16.708188"
"44","9","svc","{'model__C': np.float64(2.3973382079286494), 'model__gamma': 0.001}","2025-10-28 22:53:41.527832"
"45","9","xgb","{'model__colsample_bytree': np.float64(0.6521211214797689), 'model__gamma': np.float64(2.6237821581611893), 'model__learning_rate': np.float64(0.05319450186421158), 'model__max_depth': 4, 'model__min_child_weight': 3, 'model__n_estimators': 2082, 'model__reg_alpha': np.float64(6.295450333384239e-06), 'model__reg_lambda': np.float64(0.013803746963532811), 'model__scale_pos_weight': 8.9494, 'model__subsample': np.float64(0.9868777594207296)}","2025-10-28 22:56:35.019213"
"46","10","rf","{'model__oob_score': True, 'model__n_estimators': 200, 'model__min_samples_split': 15, 'model__min_samples_leaf': 6, 'model__max_features': 'log2', 'model__max_depth': 10, 'model__class_weight': None, 'model__bootstrap': True}","2025-10-29 17:21:26.679144"
"47","10","sgd","{'model__tol': 0.0001, 'model__shuffle': True, 'model__penalty': 'l1', 'model__max_iter': 500, 'model__loss': 'modified_huber', 'model__learning_rate': 'invscaling', 'model__l1_ratio': 0.9, 'model__eta0': 0.003, 'model__class_weight': None, 'model__average': 10, 'model__alpha': 0.001}","2025-10-29 17:23:05.104819"
"48","10","svc","{'model__C': np.float64(2.3973382079286494), 'model__gamma': 0.001}","2025-10-29 15:56:26.471365"
"49","10","xgb","{'model__subsample': 0.6, 'model__scale_pos_weight': 4, 'model__min_child_weight': 2, 'model__max_depth': 3, 'model__learning_rate': 0.1, 'model__gamma': 0, 'model__colsample_bytree': 0.8}","2025-10-29 17:25:06.638425"
"54","11","rf","{'model__oob_score': True, 'model__n_estimators': 200, 'model__min_samples_split': 15, 'model__min_samples_leaf': 6, 'model__max_features': 'log2', 'model__max_depth': 10, 'model__class_weight': None, 'model__bootstrap': True}","2025-10-29 21:50:47.723941"
"55","12","rf","{'model__oob_score': True, 'model__n_estimators': 200, 'model__min_samples_split': 15, 'model__min_samples_leaf': 6, 'model__max_features': 'log2', 'model__max_depth': 10, 'model__class_weight': None, 'model__bootstrap': True}","2025-10-29 22:09:59.412214"
"56","12","sgd","{'model__tol': 0.0001, 'model__shuffle': True, 'model__penalty': 'l1', 'model__max_iter': 500, 'model__loss': 'modified_huber', 'model__learning_rate': 'invscaling', 'model__l1_ratio': 0.9, 'model__eta0': 0.003, 'model__class_weight': None, 'model__average': 10, 'model__alpha': 0.001}","2025-10-29 22:10:44.32604"
"57","12","svc","{'model__C': np.float64(2.3973382079286494), 'model__gamma': 0.001}","2025-10-29 22:21:54.047365"
"58","12","xgb","{'model__subsample': 0.6, 'model__scale_pos_weight': 4, 'model__min_child_weight': 2, 'model__max_depth': 3, 'model__learning_rate': 0.1, 'model__gamma': 0, 'model__colsample_bytree': 0.8}","2025-10-29 22:22:54.769936"